[
    {
        "anuncio": "https://mg.olx.com.br/regiao-de-uberlandia-e-uberaba/autos-e-pecas/carros-vans-e-utilitarios/cruze-2013-lt-carro-muito-novo-1034612704"
    },
    {
        "anuncio": "https://mg.olx.com.br/regiao-de-uberlandia-e-uberaba/autos-e-pecas/carros-vans-e-utilitarios/strada-fire-1-4-1034586042"
    },
    {
        "anuncio": "https://mg.olx.com.br/regiao-de-uberlandia-e-uberaba/autos-e-pecas/carros-vans-e-utilitarios/honda-touring-19-19-1-5-turbo-16v-1021134462"
    },
    {
        "anuncio": "https://mg.olx.com.br/regiao-de-uberlandia-e-uberaba/autos-e-pecas/carros-vans-e-utilitarios/ford-fiesta-2013-completo-1034581509"
    },
    {
        "anuncio": "https://mg.olx.com.br/regiao-de-uberlandia-e-uberaba/autos-e-pecas/carros-vans-e-utilitarios/bmw-320i-2-0-turbo-2014-1034580878"
    },
    {
        "anuncio": "https://mg.olx.com.br/regiao-de-uberlandia-e-uberaba/autos-e-pecas/carros-vans-e-utilitarios/honda-civic-sedan-lxs-1-8-flex-manual-completo-couro-manual-1034576136"
    },
    {
        "anuncio": "https://mg.olx.com.br/regiao-de-uberlandia-e-uberaba/autos-e-pecas/carros-vans-e-utilitarios/loucura-total-imperdivel-trailblazer-2014-automatica-muito-nova-agio-so-62-mil-reais-1005300647"
    },
    {
        "anuncio": "https://mg.olx.com.br/regiao-de-uberlandia-e-uberaba/autos-e-pecas/carros-vans-e-utilitarios/fiat-strada-locker-adventure-completa-roda-som-legalizada-aro-20-led-teto-solar-1034569626"
    },
    {
        "anuncio": "https://mg.olx.com.br/regiao-de-uberlandia-e-uberaba/autos-e-pecas/carros-vans-e-utilitarios/vendo-agio-r-55-000-00-1029659685"
    },
    {
        "anuncio": "https://mg.olx.com.br/regiao-de-uberlandia-e-uberaba/autos-e-pecas/carros-vans-e-utilitarios/prisma-ltz-completo-1-4-may-link-1034564824"
    },
    {
        "anuncio": "https://mg.olx.com.br/regiao-de-uberlandia-e-uberaba/autos-e-pecas/carros-vans-e-utilitarios/ford-ka-sedan-1-5-automatico-20-20-1021842146"
    },
    {
        "anuncio": "https://mg.olx.com.br/regiao-de-uberlandia-e-uberaba/autos-e-pecas/carros-vans-e-utilitarios/golf-sportiline-completo-1034554305"
    },
    {
        "anuncio": "https://mg.olx.com.br/regiao-de-uberlandia-e-uberaba/autos-e-pecas/carros-vans-e-utilitarios/fox-prime-1034552991"
    },
    {
        "anuncio": "https://mg.olx.com.br/regiao-de-uberlandia-e-uberaba/autos-e-pecas/carros-vans-e-utilitarios/blazer-99-v6-1034551224"
    },
    {
        "anuncio": "https://mg.olx.com.br/regiao-de-uberlandia-e-uberaba/autos-e-pecas/carros-vans-e-utilitarios/corsa-joy-2004-2005-1034550820"
    },
    {
        "anuncio": "https://mg.olx.com.br/regiao-de-uberlandia-e-uberaba/autos-e-pecas/carros-vans-e-utilitarios/vendo-strada-adventure-1-8-cd-14-14-1034550333"
    },
    {
        "anuncio": "https://mg.olx.com.br/regiao-de-uberlandia-e-uberaba/autos-e-pecas/carros-vans-e-utilitarios/fiat-punto-1-6-carro-de-mulher-1034550303"
    },
    {
        "anuncio": "https://mg.olx.com.br/regiao-de-uberlandia-e-uberaba/autos-e-pecas/carros-vans-e-utilitarios/audi-a3-1-4-sportback-turbo-1033692061"
    },
    {
        "anuncio": "https://mg.olx.com.br/regiao-de-uberlandia-e-uberaba/autos-e-pecas/carros-vans-e-utilitarios/jetta-1034548343"
    },
    {
        "anuncio": "https://mg.olx.com.br/regiao-de-uberlandia-e-uberaba/autos-e-pecas/carros-vans-e-utilitarios/tucson-a-venda-leia-a-descricao-1034547216"
    },
    {
        "anuncio": "https://mg.olx.com.br/regiao-de-uberlandia-e-uberaba/autos-e-pecas/carros-vans-e-utilitarios/raridade-1034546750"
    },
    {
        "anuncio": "https://mg.olx.com.br/regiao-de-uberlandia-e-uberaba/autos-e-pecas/carros-vans-e-utilitarios/onix-rs-turbo-2021-2022-automatico-1034545986"
    },
    {
        "anuncio": "https://mg.olx.com.br/regiao-de-uberlandia-e-uberaba/autos-e-pecas/carros-vans-e-utilitarios/jetta-tsi-highline-211cv-extra-1023720883"
    },
    {
        "anuncio": "https://mg.olx.com.br/regiao-de-uberlandia-e-uberaba/autos-e-pecas/carros-vans-e-utilitarios/cruze-ltz-2012-automatico-1034543103"
    },
    {
        "anuncio": "https://mg.olx.com.br/regiao-de-uberlandia-e-uberaba/autos-e-pecas/carros-vans-e-utilitarios/fiesta-sedan-1-6-completo-1031409430"
    },
    {
        "anuncio": "https://mg.olx.com.br/regiao-de-uberlandia-e-uberaba/autos-e-pecas/carros-vans-e-utilitarios/hilux-srx-1034537685"
    },
    {
        "anuncio": "https://mg.olx.com.br/regiao-de-uberlandia-e-uberaba/autos-e-pecas/carros-vans-e-utilitarios/chevrolet-s10-cabine-dupla-2-5-advantage-4x2-1028066430"
    },
    {
        "anuncio": "https://mg.olx.com.br/regiao-de-uberlandia-e-uberaba/autos-e-pecas/carros-vans-e-utilitarios/jeep-renegade-diesel-1034535594"
    },
    {
        "anuncio": "https://mg.olx.com.br/regiao-de-uberlandia-e-uberaba/autos-e-pecas/carros-vans-e-utilitarios/gol-track-2018-completissimo-1026181938"
    },
    {
        "anuncio": "https://mg.olx.com.br/regiao-de-uberlandia-e-uberaba/autos-e-pecas/carros-vans-e-utilitarios/zafira-confort-2-0-2010-1034534872"
    },
    {
        "anuncio": "https://mg.olx.com.br/regiao-de-uberlandia-e-uberaba/autos-e-pecas/carros-vans-e-utilitarios/renault-kwid-1034534146"
    },
    {
        "anuncio": "https://mg.olx.com.br/regiao-de-uberlandia-e-uberaba/autos-e-pecas/carros-vans-e-utilitarios/strada-aventure-1-8-1034533241"
    },
    {
        "anuncio": "https://mg.olx.com.br/regiao-de-uberlandia-e-uberaba/autos-e-pecas/carros-vans-e-utilitarios/argo-1-3-gsr-1030994685"
    },
    {
        "anuncio": "https://mg.olx.com.br/regiao-de-uberlandia-e-uberaba/autos-e-pecas/carros-vans-e-utilitarios/palio-97-1034530481"
    },
    {
        "anuncio": "https://mg.olx.com.br/regiao-de-uberlandia-e-uberaba/autos-e-pecas/carros-vans-e-utilitarios/hilux-2003-4x4-ipva-2022-pago-72mil-1034529337"
    },
    {
        "anuncio": "https://mg.olx.com.br/regiao-de-uberlandia-e-uberaba/autos-e-pecas/carros-vans-e-utilitarios/honda-civic-touring-1027356280"
    },
    {
        "anuncio": "https://mg.olx.com.br/regiao-de-uberlandia-e-uberaba/autos-e-pecas/carros-vans-e-utilitarios/jeep-compass-2-0-tdi-longitude-4wd-aut-2019-1030794106"
    },
    {
        "anuncio": "https://mg.olx.com.br/regiao-de-uberlandia-e-uberaba/autos-e-pecas/carros-vans-e-utilitarios/oportunidade-cartas-de-credito-contempladas-928289110"
    },
    {
        "anuncio": "https://mg.olx.com.br/regiao-de-uberlandia-e-uberaba/autos-e-pecas/carros-vans-e-utilitarios/astra-2-0-advantage-1034528592"
    },
    {
        "anuncio": "https://mg.olx.com.br/regiao-de-uberlandia-e-uberaba/autos-e-pecas/carros-vans-e-utilitarios/vendo-voyage-g6-2013-1034527886"
    },
    {
        "anuncio": "https://mg.olx.com.br/regiao-de-uberlandia-e-uberaba/autos-e-pecas/carros-vans-e-utilitarios/vendo-1034527125"
    },
    {
        "anuncio": "https://mg.olx.com.br/regiao-de-uberlandia-e-uberaba/autos-e-pecas/carros-vans-e-utilitarios/up-1034526445"
    },
    {
        "anuncio": "https://mg.olx.com.br/regiao-de-uberlandia-e-uberaba/autos-e-pecas/carros-vans-e-utilitarios/peugeot-208-2015-1034523261"
    },
    {
        "anuncio": "https://mg.olx.com.br/regiao-de-uberlandia-e-uberaba/autos-e-pecas/carros-vans-e-utilitarios/jeep-renegate-sport-aut-1034520249"
    },
    {
        "anuncio": "https://mg.olx.com.br/regiao-de-uberlandia-e-uberaba/autos-e-pecas/carros-vans-e-utilitarios/oportunidade-siena-2012-abaixo-da-tabela-844599652"
    },
    {
        "anuncio": "https://mg.olx.com.br/regiao-de-uberlandia-e-uberaba/autos-e-pecas/carros-vans-e-utilitarios/classic-2014-completo-com-manual-e-chave-reserva-muito-conservado-1013156470"
    },
    {
        "anuncio": "https://mg.olx.com.br/regiao-de-uberlandia-e-uberaba/autos-e-pecas/carros-vans-e-utilitarios/silverado-1032147437"
    },
    {
        "anuncio": "https://mg.olx.com.br/regiao-de-uberlandia-e-uberaba/autos-e-pecas/carros-vans-e-utilitarios/celta-2010-11-1034518055"
    },
    {
        "anuncio": "https://mg.olx.com.br/regiao-de-uberlandia-e-uberaba/autos-e-pecas/carros-vans-e-utilitarios/kia-soul-1034514240"
    },
    {
        "anuncio": "https://mg.olx.com.br/regiao-de-uberlandia-e-uberaba/autos-e-pecas/carros-vans-e-utilitarios/s10-diesel-zera-4x4-1034511042"
    }
]